"","baseMean","log2FoldChange","lfcSE","stat","pvalue","padj"
"ENSG00000007520",323.891328107625,-1.09162033488418,0.287415969137672,-3.79805039420513,0.00014583867717606,0.0404170215071166
"ENSG00000008311",215.959618371232,2.90171934773595,0.777371606418748,3.73273132666088,0.000189414604695752,0.0428505889620257
"ENSG00000053371",208.101008327853,-1.3175276759894,0.282870184725819,-4.65771137126544,3.19744065708728e-06,0.00468379378539613
"ENSG00000067560",2031.93290913651,1.46425959758354,0.291902158633161,5.01626847995908,5.26846942659696e-07,0.00135057213750813
"ENSG00000084674",479.554620618905,-8.37021502881889,2.19588900926605,-3.81176598338935,0.00013797747548723,0.0393314887240001
"ENSG00000091513",342.847027325767,-25.2561034038272,3.3370006398999,-7.56850421358771,3.77546078740583e-14,3.87135749140594e-10
"ENSG00000095015",239.627018685675,-2.16254770224075,0.58957338725532,-3.66798730910872,0.000244467315074385,0.0482070740148605
"ENSG00000101294",749.474956600935,-1.06203293659367,0.275178849839102,-3.85942792193022,0.000113652771782823,0.0365133672356915
"ENSG00000106804",68.7685701157674,-5.23209204897912,1.40615812814538,-3.72084187706532,0.000198559739937079,0.0428505889620257
"ENSG00000110245",71.1986480039023,-23.3096722701499,4.79255012542852,-4.86373051091786,1.15193728368146e-06,0.00236239298137394
"ENSG00000113889",55.7053799965408,-21.8438038629972,5.04950552814615,-4.32592928975698,1.51890144922501e-05,0.0113940939032279
"ENSG00000116698",470.579109459152,1.03082018833931,0.261503269873225,3.94190171633052,8.08381031035798e-05,0.0307005151564484
"ENSG00000116729",605.902419687549,-4.67397438209695,1.18534057824355,-3.9431488872362,8.04186947731259e-05,0.0307005151564484
"ENSG00000118137",439.255091370627,-9.59617971534163,2.38039970426953,-4.03133125001224,5.5461810869396e-05,0.0258502458479448
"ENSG00000119638",314.368706044637,-1.6761556466223,0.371086217732966,-4.51689005553006,6.27544668712856e-06,0.00804355379122703
"ENSG00000125798",490.607744073789,-8.11906868609003,1.97700269156899,-4.10675651617176,4.01253807912905e-05,0.0216550344544154
"ENSG00000129562",211.448575871464,-1.40142366355196,0.353098572436509,-3.96893041476103,7.21959586904784e-05,0.0307005151564484
"ENSG00000129933",229.194322974287,-1.78100319086446,0.413666472292988,-4.30540860851548,1.66677792615972e-05,0.0113940939032279
"ENSG00000135111",906.606295135348,-7.30202096434463,1.88329663649729,-3.87725482159069,0.00010564169748077,0.0361083321989273
"ENSG00000135744",354.546150555457,-25.1211049289031,3.46533138399993,-7.2492648307437,4.19039842518212e-13,2.14841727259087e-09
"ENSG00000136574",209.311734803299,-9.96966611111264,2.68126114701858,-3.71827493274886,0.000200587894497487,0.0428505889620257
"ENSG00000137871",114.211004424491,1.20860178166878,0.296074941995928,4.08208061621574,4.4634307720453e-05,0.0219224054629246
"ENSG00000137962",139.899416349974,-3.96296906560259,1.02957519243781,-3.84913029636927,0.00011853794507367,0.0365133672356915
"ENSG00000139651",241.150827076349,-1.44216048584882,0.348528761756649,-4.1378521490739,3.50572146040931e-05,0.0199709265861317
"ENSG00000141448",360.397510902072,-8.51551973723353,2.1962453664993,-3.87730800352551,0.000105618616080282,0.0361083321989273
"ENSG00000143363",427.529736419857,1.13251417058667,0.270865919256735,4.18108772670376,2.9011789640675e-05,0.0174992288809107
"ENSG00000143776",210.438011117809,1.26247396515068,0.284902018772954,4.43125664952474,9.36855014751516e-06,0.0106739014680689
"ENSG00000144824",255.214450513987,-2.82499143670973,0.762111479195938,-3.70679554609285,0.000209898257881419,0.0439244231901238
"ENSG00000148143",933.640962657813,1.28018489862114,0.349545486409525,3.66242720445626,0.000249836761169833,0.0483363424346314
"ENSG00000157570",321.161381675926,-3.26925979998396,0.801148055470357,-4.08071863578895,4.48966759041757e-05,0.0219224054629246
"ENSG00000158796",220.254876146916,1.13598450876361,0.269674181371746,4.21243332596849,2.52634298942493e-05,0.016190700633477
"ENSG00000162441",102.011050700034,-1.34190598565284,0.352061061163212,-3.81157172343677,0.000138085975625512,0.0393314887240001
"ENSG00000164742",87.6557559446907,2.51445742512919,0.644256056598071,3.90288519506751,9.50527952612122e-05,0.0348096915217311
"ENSG00000164916",458.292675225921,-2.58074200134378,0.685479797314061,-3.76486952854919,0.000166636068599661,0.0406808889310723
"ENSG00000165617",242.025021852952,-4.54647636919195,1.1827619403688,-3.84394882352597,0.000121070263898333,0.0365133672356915
"ENSG00000166455",43.6756542900565,-3.43402978550519,0.795474873298179,-4.31695569624606,1.58195894960474e-05,0.0113940939032279
"ENSG00000169271",117.030318645546,-20.8656611291861,4.8209885291992,-4.32808769463139,1.50409584501936e-05,0.0113940939032279
"ENSG00000169903",132.43264842211,-22.9278919911245,4.32691415781178,-5.29890151616034,1.16501447956862e-07,0.000398201949116556
"ENSG00000172915",251.452115731672,1.66117133921293,0.384183666882349,4.32389891192756,1.53295560395277e-05,0.0113940939032279
"ENSG00000177239",219.631767696149,-1.45046793375686,0.382764168726326,-3.78945589025064,0.000150977616065145,0.0406808889310723
"ENSG00000188483",178.876655153162,-5.18776862356546,1.40943930112191,-3.68073220282421,0.000232565160731728,0.0476944631628628
"ENSG00000197622",612.751337085553,1.0748069223015,0.286114415680692,3.75656333059777,0.000172262692802401,0.0406808889310723
"ENSG00000215012",79.0860939404362,-1.30365480279364,0.347340972999594,-3.75324221480535,0.000174562035592665,0.0406808889310723
"ENSG00000269834",94.750553032556,-1.9493350298515,0.443695423764839,-4.39340801244021,1.1158741719803e-05,0.0113940939032279
"ENSG00000275023",192.407308013868,-3.18758462452116,0.806673362511234,-3.951518387316,7.76569042279785e-05,0.0307005151564484
